,result
0,Nein
1,"Nein, es gibt keine intrinsischen oder extrinsischen Halluzinationen in den Produkttexten. Alle Informationen im Text stimmen mit den technischen Attributen und dem Produkttitel überein. Es wurden keine zusätzlichen, unsinnigen Informationen hinzugefügt und es gibt keine direkten Widersprüche zu den technischen Attributen oder dem Produkttitel."
2,"Nein, es gibt keine intrinsischen oder extrinsischen Halluzinationen in den Produkttexten. Alle Informationen im Text stimmen mit den technischen Attributen und dem Produkttitel überein und es wurden keine unsinnigen Zusatzinformationen hinzugefügt."
3,"Nein, es gibt keine intrinsischen oder extrinsischen Halluzinationen in den Produkttexten. Alle Informationen im Text stimmen mit den technischen Attributen und dem Produkttitel überein und es wurden keine unsinnigen Zusatzinformationen hinzugefügt."
4,"Nein, es gibt keine intrinsischen oder extrinsischen Halluzinationen in den Produkttexten. Alle Informationen im Text stimmen mit den technischen Attributen und dem Produkttitel überein und es wurden keine unsinnigen Zusatzinformationen hinzugefügt."
5,"Nein, es gibt keine intrinsischen oder extrinsischen Halluzinationen in den Produkttexten. Alle Informationen im Text stimmen mit den technischen Attributen und dem Produkttitel überein und es wurden keine unsinnigen Zusatzinformationen hinzugefügt."
6,"Nein, es gibt keine intrinsischen oder extrinsischen Halluzinationen in den Produkttexten. Alle Informationen in den Produkttexten stimmen mit den technischen Attributen und dem Produkttitel überein. Es wurden keine zusätzlichen unsinnigen Informationen hinzugefügt."
7,"Nein, es gibt keine intrinsischen oder extrinsischen Halluzinationen in den Produkttexten. Alle Informationen im Text stimmen mit den technischen Attributen und dem Produkttitel überein und es wurden keine unsinnigen Zusatzinformationen hinzugefügt."
8,"Nein, es gibt keine intrinsischen oder extrinsischen Halluzinationen in den gegebenen Produkttexten. Alle Informationen im Text stimmen mit den technischen Attributen und dem Produkttitel überein und es wurden keine unsinnigen Zusatzinformationen hinzugefügt."
9,"Nein, es gibt keine intrinsischen oder extrinsischen Halluzinationen in den Produkttexten. Alle Informationen im Text stimmen mit den technischen Attributen und dem Produkttitel überein und es wurden keine unsinnigen Zusatzinformationen hinzugefügt."
10,"Nein, es gibt keine intrinsischen oder extrinsischen Halluzinationen in den Produkttexten. Alle Informationen im Text stimmen mit den technischen Attributen und dem Produkttitel überein. Es wurden keine zusätzlichen, unsinnigen Informationen hinzugefügt."
11,Nein
12,Nein
13,"Nein, es gibt keine intrinsischen oder extrinsischen Halluzinationen in den Produkttexten. Alle Informationen im Text stimmen mit den technischen Attributen und dem Produkttitel überein. Es wurden keine zusätzlichen, unsinnigen Informationen hinzugefügt."
14,"Nein, es gibt keine intrinsischen oder extrinsischen Halluzinationen in den Produkttexten. Alle Informationen im Text stimmen mit den technischen Attributen und dem Produkttitel überein. Es wurden keine zusätzlichen, unsinnigen Informationen hinzugefügt."
15,Nein
16,Nein
17,Nein
18,"Nein, es gibt keine intrinsischen oder extrinsischen Halluzinationen in den Produkttexten. Alle Informationen im Text stimmen mit den technischen Attributen und dem Produkttitel überein und es wurden keine unsinnigen Zusatzinformationen hinzugefügt."
19,"Nein, es gibt keine intrinsischen oder extrinsischen Halluzinationen in den Produkttexten. Alle Informationen in den Produkttexten stimmen mit den technischen Attributen und dem Produkttitel überein. Es wurden keine unsinnigen Zusatzinformationen hinzugefügt."
20,Nein
21,Nein
22,Nein
23,Nein
24,Nein
25,"Nein, es gibt keine intrinsischen oder extrinsischen Halluzinationen in den Produkttexten. Alle Informationen in den Produkttexten stimmen mit den technischen Attributen und dem Produkttitel überein und es wurden keine unsinnigen Zusatzinformationen hinzugefügt."
26,Nein
27,Nein
28,Nein
29,"Nein, es gibt keine intrinsischen oder extrinsischen Halluzinationen in den Produkttexten. Alle Informationen im Text stimmen mit den technischen Attributen und dem Produkttitel überein und es wurden keine unsinnigen Zusatzinformationen hinzugefügt."
30,Nein
31,"Nein, es gibt keine intrinsischen oder extrinsischen Halluzinationen in den Produkttexten. Alle Informationen im Text stimmen mit den technischen Attributen und dem Produkttitel überein und es wurden keine unsinnigen Zusatzinformationen hinzugefügt."
32,"Nein, es gibt keine intrinsischen oder extrinsischen Halluzinationen in den Produkttexten. Alle Informationen in den Texten stimmen mit den technischen Attributen und dem Produkttitel überein und es wurden keine unsinnigen Zusatzinformationen hinzugefügt."
33,"Nein, es gibt keine intrinsischen oder extrinsischen Halluzinationen in den gegebenen Produkttexten. Alle Informationen im Text stimmen mit den technischen Attributen und dem Produkttitel überein und es wurden keine unsinnigen Zusatzinformationen hinzugefügt."
34,"Nein, es gibt keine intrinsischen oder extrinsischen Halluzinationen in den Produkttexten. Alle Informationen im Text stimmen mit den technischen Attributen und dem Produkttitel überein und es wurden keine unsinnigen Zusatzinformationen hinzugefügt."
35,"Nein, es gibt keine intrinsischen oder extrinsischen Halluzinationen in den Produkttexten. Alle Informationen im Text stimmen mit den technischen Attributen und dem Produkttitel überein und es werden keine unsinnigen Zusatzinformationen hinzugefügt."
36,Nein
37,"Nein, es gibt keine intrinsischen oder extrinsischen Halluzinationen in den Produkttexten. Alle Informationen in den Texten stimmen mit den technischen Attributen und dem Produkttitel überein und es wurden keine unsinnigen Zusatzinformationen hinzugefügt."
38,Nein
39,Nein
40,"Nein, es gibt keine intrinsischen oder extrinsischen Halluzinationen in den Produkttexten. Alle Informationen im Text stimmen mit den technischen Attributen und dem Produkttitel überein. Es wurden keine zusätzlichen, unsinnigen Informationen hinzugefügt."
41,"Nein, es gibt keine intrinsischen oder extrinsischen Halluzinationen in den Produkttexten. Alle Informationen in den Produkttexten stimmen mit den technischen Attributen und dem Produkttitel überein und es gibt keine unsinnige Zusatzinformation, die nicht aus den technischen Attributen und dem Produkttitel kommt."
42,"Nein, es gibt keine intrinsischen oder extrinsischen Halluzinationen in den Produkttexten. Alle Informationen in den Produkttexten stimmen mit den technischen Attributen und dem Produkttitel überein. Es wurden keine unsinnigen Zusatzinformationen hinzugefügt."
43,Nein
44,Nein
45,Nein
46,"Nein, es gibt keine intrinsischen oder extrinsischen Halluzinationen in den Produkttexten. Alle Informationen im Text stimmen mit den technischen Attributen und dem Produkttitel überein und es wurden keine unsinnigen Zusatzinformationen hinzugefügt."
47,"Nein, es gibt keine intrinsischen oder extrinsischen Halluzinationen in den Produkttexten. Alle Informationen in den Produkttexten stimmen mit den technischen Attributen und dem Produkttitel überein und es wurden keine unsinnigen Zusatzinformationen hinzugefügt."
48,"Nein, es gibt keine intrinsischen oder extrinsischen Halluzinationen in den Produkttexten. Alle Informationen im Text stimmen mit den technischen Attributen und dem Produkttitel überein und es wurden keine unsinnigen Zusatzinformationen hinzugefügt."
49,"Nein, es gibt keine intrinsischen oder extrinsischen Halluzinationen in den Produkttexten. Alle Informationen im Text stimmen mit den technischen Attributen und dem Produkttitel überein und es wurden keine zusätzlichen, unsinnigen Informationen hinzugefügt."
50,"Nein, es gibt keine intrinsischen oder extrinsischen Halluzinationen in den Produkttexten. Alle Informationen im Text stimmen mit den technischen Attributen und dem Produkttitel überein."
51,"Nein, es gibt keine intrinsischen oder extrinsischen Halluzinationen in den Produkttexten. Alle Informationen in den Produkttexten stimmen mit den technischen Attributen und dem Produkttitel überein. Es wurden keine zusätzlichen, unsinnigen Informationen hinzugefügt."
52,Nein
53,"Nein, es gibt keine intrinsischen oder extrinsischen Halluzinationen in den Produkttexten. Alle Informationen in den Produkttexten stimmen mit den technischen Attributen und dem Produkttitel überein. Es wurden keine zusätzlichen, unsinnigen Informationen hinzugefügt."
54,"Nein, es gibt keine intrinsischen oder extrinsischen Halluzinationen in den Produkttexten. Alle Informationen in den Texten stimmen mit den technischen Attributen und dem Produkttitel überein und es wurden keine unsinnigen Zusatzinformationen hinzugefügt."
55,"Nein, es gibt keine intrinsischen oder extrinsischen Halluzinationen in den Produkttexten. Alle Informationen im Text stimmen mit den technischen Attributen und dem Produkttitel überein und es wurden keine unsinnigen Zusatzinformationen hinzugefügt."
56,"Nein, es gibt keine intrinsischen oder extrinsischen Halluzinationen in den Produkttexten. Alle Informationen im Text stimmen mit den technischen Attributen und dem Produkttitel überein. Es wurden keine zusätzlichen unsinnigen Informationen hinzugefügt."
57,"Nein, es gibt keine intrinsischen oder extrinsischen Halluzinationen in den Produkttexten. Alle Informationen in den Texten stimmen mit den technischen Attributen und dem Produkttitel überein und es wurden keine unsinnigen Zusatzinformationen hinzugefügt."
58,"Nein, es gibt keine intrinsischen oder extrinsischen Halluzinationen in den Produkttexten. Alle Informationen in den Produkttexten stimmen mit den technischen Attributen und dem Produkttitel überein. Es wurden keine zusätzlichen unsinnigen Informationen hinzugefügt."
59,"Nein, es gibt keine intrinsischen oder extrinsischen Halluzinationen in den Produkttexten. Alle Informationen im Text stimmen mit den technischen Attributen und dem Produkttitel überein. Es wurden keine zusätzlichen, unsinnigen Informationen hinzugefügt."
60,Nein
61,"Nein, es gibt keine intrinsischen oder extrinsischen Halluzinationen in den Produkttexten. Alle Informationen im Text stimmen mit den technischen Attributen und dem Produkttitel überein und es wurden keine unsinnigen Zusatzinformationen hinzugefügt."
62,"Nein, es gibt keine intrinsischen oder extrinsischen Halluzinationen in den gegebenen Produkttexten. Alle Informationen im Text stimmen mit den technischen Attributen und dem Produkttitel überein und es wurden keine unsinnigen Zusatzinformationen hinzugefügt."
63,"Nein, es gibt keine intrinsischen oder extrinsischen Halluzinationen in den Produkttexten. Alle Informationen im Text stimmen mit den technischen Attributen und dem Produkttitel überein und es wurden keine unsinnigen Zusatzinformationen hinzugefügt."
64,"Nein, es gibt keine intrinsischen oder extrinsischen Halluzinationen in den Produkttexten. Alle Informationen im Text stimmen mit den technischen Attributen und dem Produkttitel überein und es wurden keine unsinnigen Zusatzinformationen hinzugefügt."
65,"Nein, es gibt keine intrinsischen oder extrinsischen Halluzinationen in den gegebenen Produkttexten. Alle Informationen in den Texten stimmen mit den technischen Attributen und dem Produkttitel überein und es wurden keine zusätzlichen, unsinnigen Informationen hinzugefügt."
66,"Nein, es gibt keine intrinsischen oder extrinsischen Halluzinationen in den Produkttexten. Alle Informationen in den Produkttexten stimmen mit den technischen Attributen und dem Produkttitel überein und es wurden keine unsinnigen Zusatzinformationen hinzugefügt."
67,"Nein, es gibt keine intrinsischen oder extrinsischen Halluzinationen in den Produkttexten. Alle Informationen in den Produkttexten stimmen mit den technischen Attributen und dem Produkttitel überein. Es wurden keine zusätzlichen, unsinnigen Informationen hinzugefügt."
68,Nein
69,Nein
70,Nein
71,Nein
72,"Nein, es gibt keine intrinsischen oder extrinsischen Halluzinationen in den Produkttexten. Alle Informationen im Text stimmen mit den technischen Attributen und dem Produkttitel überein. Es wurden keine zusätzlichen, unsinnigen Informationen hinzugefügt."
73,Nein
74,"Nein, es gibt keine intrinsischen oder extrinsischen Halluzinationen in den Produkttexten. Alle Informationen im Text stimmen mit den technischen Attributen und dem Produkttitel überein und es werden keine zusätzlichen, unsinnigen Informationen hinzugefügt."
75,Nein
76,"Nein, es gibt keine intrinsischen oder extrinsischen Halluzinationen in den Produkttexten. Alle Informationen im Text stimmen mit den technischen Attributen und dem Produkttitel überein. Es wurden keine zusätzlichen, unsinnigen Informationen hinzugefügt."
77,Nein
78,Nein
79,Nein
80,"Nein, es gibt keine intrinsischen oder extrinsischen Halluzinationen in den Produkttexten. Alle Informationen im Text stimmen mit den technischen Attributen und dem Produkttitel überein. Es wurden keine zusätzlichen, unsinnigen Informationen hinzugefügt."
81,Nein
82,Nein
83,"Nein, es gibt keine intrinsischen oder extrinsischen Halluzinationen in den gegebenen Produkttexten. Alle Informationen in den Texten stimmen mit den technischen Attributen und dem Produkttitel überein."
84,Nein
85,Nein
86,Nein
87,Nein
88,Nein
89,"Nein, es gibt keine intrinsischen oder extrinsischen Halluzinationen in den Produkttexten. Alle Informationen im Text stimmen mit den technischen Attributen und dem Produkttitel überein und es wurden keine unsinnigen Zusatzinformationen hinzugefügt."
90,"Nein, es gibt keine intrinsischen oder extrinsischen Halluzinationen in den Produkttexten. Alle Informationen im Text stimmen mit den technischen Attributen und dem Produkttitel überein und es wurden keine unsinnigen Zusatzinformationen hinzugefügt."
91,"Nein, es gibt keine intrinsischen oder extrinsischen Halluzinationen in den Produkttexten. Alle Informationen im Text stimmen mit den technischen Attributen und dem Produkttitel überein. Es wurden keine zusätzlichen unsinnigen Informationen hinzugefügt."
92,"Nein, es gibt keine intrinsischen oder extrinsischen Halluzinationen in den Produkttexten. Alle Informationen in den Produkttexten stimmen mit den technischen Attributen und dem Produkttitel überein. Es wurden keine zusätzlichen, unsinnigen Informationen hinzugefügt."
93,"Nein, es gibt keine intrinsischen oder extrinsischen Halluzinationen in den Produkttexten. Alle Informationen im Text stimmen mit den technischen Attributen und dem Produkttitel überein und es wurden keine unsinnigen Zusatzinformationen hinzugefügt."
94,"Nein, es gibt keine intrinsischen oder extrinsischen Halluzinationen in den Produkttexten. Alle Informationen im Text stimmen mit den technischen Attributen und dem Produkttitel überein. Es wurden keine zusätzlichen, unsinnigen Informationen hinzugefügt."
95,"Nein, es gibt keine intrinsischen oder extrinsischen Halluzinationen in den Produkttexten. Alle Informationen im Text stimmen mit den technischen Attributen und dem Produkttitel überein und es werden keine unsinnigen Zusatzinformationen hinzugefügt."
96,"Nein, es gibt keine intrinsischen oder extrinsischen Halluzinationen in den Produkttexten. Alle Informationen im Text stimmen mit den technischen Attributen und dem Produkttitel überein und es wurden keine unsinnigen Zusatzinformationen hinzugefügt."
97,"Nein, es gibt keine intrinsischen oder extrinsischen Halluzinationen in den Produkttexten. Alle Informationen im Text stimmen mit den technischen Attributen und dem Produkttitel überein. Es wurden keine zusätzlichen, unsinnigen Informationen hinzugefügt."
98,"Nein, es gibt keine intrinsischen oder extrinsischen Halluzinationen in den gegebenen Produkttexten. Alle Informationen in den Texten stimmen mit den technischen Attributen und dem Produkttitel überein und es wurden keine unsinnigen Zusatzinformationen hinzugefügt."
99,Nein
100,"Nein, es gibt keine intrinsischen oder extrinsischen Halluzinationen in den Produkttexten. Alle Informationen in den Produkttexten stimmen mit den technischen Attributen und dem Produkttitel überein und es wurden keine unsinnigen Zusatzinformationen hinzugefügt."
101,"Nein, es gibt keine intrinsischen oder extrinsischen Halluzinationen in den Produkttexten. Alle Informationen im Text stimmen mit den technischen Attributen und dem Produkttitel überein."
102,Nein
103,Nein
104,Nein
105,Nein
106,Nein
107,Nein
108,"Nein, es gibt keine intrinsischen oder extrinsischen Halluzinationen in den Produkttexten. Alle Informationen im Text stimmen mit den technischen Attributen und dem Produkttitel überein und es wurden keine unsinnigen Zusatzinformationen hinzugefügt."
109,Nein
110,Nein
111,"Nein, es gibt keine intrinsischen oder extrinsischen Halluzinationen in den Produkttexten. Alle Informationen im Text stimmen mit den technischen Attributen und dem Produkttitel überein. Es wurden keine zusätzlichen, unsinnigen Informationen hinzugefügt."
112,"Nein, es gibt keine intrinsischen oder extrinsischen Halluzinationen in den Produkttexten. Alle Informationen im Text stimmen mit den technischen Attributen und dem Produkttitel überein. Es wurden keine zusätzlichen, unsinnigen Informationen hinzugefügt."
113,Nein
114,Nein
115,"Nein, es gibt keine intrinsischen oder extrinsischen Halluzinationen in den Produkttexten. Alle Informationen im Text stimmen mit den technischen Attributen und dem Produkttitel überein und es wurden keine unsinnigen Zusatzinformationen hinzugefügt."
116,"Nein, es gibt keine intrinsischen oder extrinsischen Halluzinationen in den Produkttexten. Alle Informationen im Text stimmen mit den technischen Attributen und dem Produkttitel überein und es wurden keine unsinnigen Zusatzinformationen hinzugefügt."
117,"Nein, es gibt keine intrinsischen oder extrinsischen Halluzinationen in den Produkttexten. Alle Informationen im Text stimmen mit den technischen Attributen und dem Produkttitel überein. Es wurden keine zusätzlichen, unsinnigen Informationen hinzugefügt."
118,Nein
119,"Nein, es gibt keine intrinsischen oder extrinsischen Halluzinationen in den gegebenen Produkttexten. Alle Informationen in den Produkttexten stimmen mit den technischen Attributen und dem Produkttitel überein und es wurden keine zusätzlichen, unsinnigen Informationen hinzugefügt."
120,Nein
121,"Nein, es gibt keine intrinsischen oder extrinsischen Halluzinationen in den Produkttexten. Alle Informationen im Text stimmen mit den technischen Attributen und dem Produkttitel überein. Es wurden keine unsinnigen Zusatzinformationen hinzugefügt."
122,"Nein, es gibt keine intrinsischen oder extrinsischen Halluzinationen in den Produkttexten. Alle Informationen im Text stimmen mit den technischen Attributen und dem Produkttitel überein und es wurden keine unsinnigen Zusatzinformationen hinzugefügt."
123,Nein
124,"Nein, es gibt keine intrinsischen oder extrinsischen Halluzinationen in den Produkttexten. Alle Informationen in den Texten stimmen mit den technischen Attributen und dem Produkttitel überein und es wurden keine unsinnigen Zusatzinformationen hinzugefügt."
125,Nein
126,"Nein, es gibt keine intrinsischen oder extrinsischen Halluzinationen in den Produkttexten. Alle Informationen in den Texten stimmen mit den technischen Attributen und dem Produkttitel überein. Es wurden keine zusätzlichen, unsinnigen Informationen hinzugefügt."
127,Nein
128,"Nein, es gibt keine intrinsischen oder extrinsischen Halluzinationen in den Produkttexten. Alle Informationen im Text stimmen mit den technischen Attributen und dem Produkttitel überein. Es wurden keine zusätzlichen, unsinnigen Informationen hinzugefügt."
129,"Nein, es gibt keine intrinsischen oder extrinsischen Halluzinationen in den gegebenen Produkttexten. Alle Informationen in den Texten stimmen mit den technischen Attributen und dem Produkttitel überein und es wurden keine unsinnigen Zusatzinformationen hinzugefügt."
130,"Nein, es gibt keine intrinsischen oder extrinsischen Halluzinationen in den Produkttexten. Alle Informationen in den Produkttexten stimmen mit den technischen Attributen und dem Produkttitel überein und es wurden keine unsinnigen Zusatzinformationen hinzugefügt."
131,"Nein, es gibt keine intrinsischen oder extrinsischen Halluzinationen in den Produkttexten. Alle Informationen in den Texten stimmen mit den technischen Attributen und dem Produkttitel überein und es wurden keine unsinnigen Zusatzinformationen hinzugefügt."
132,Nein
133,"Nein, es gibt keine intrinsischen oder extrinsischen Halluzinationen in den Produkttexten. Alle Informationen im Text stimmen mit den technischen Attributen und dem Produkttitel überein und es wurden keine unsinnigen Zusatzinformationen hinzugefügt."
134,Nein
135,"Nein, es gibt keine intrinsischen oder extrinsischen Halluzinationen in den gegebenen Produkttexten. Alle Informationen im Produkttext stimmen mit den technischen Attributen und dem Produkttitel überein. Es wurden keine zusätzlichen unsinnigen Informationen hinzugefügt."
136,Nein
137,"Nein, es gibt keine intrinsischen oder extrinsischen Halluzinationen in den gegebenen Produkttexten. Alle Informationen im Text stimmen mit den technischen Attributen und dem Produkttitel überein und es wurden keine zusätzlichen, unsinnigen Informationen hinzugefügt."
138,"Nein, es gibt keine intrinsischen oder extrinsischen Halluzinationen in den Produkttexten. Alle Informationen in den Produkttexten stimmen mit den technischen Attributen und dem Produkttitel überein und es wurden keine unsinnigen Zusatzinformationen hinzugefügt."
139,"Nein, es gibt keine intrinsischen oder extrinsischen Halluzinationen in den Produkttexten. Alle Informationen im Text stimmen mit den technischen Attributen und dem Produkttitel überein. Es wurden keine zusätzlichen, unsinnigen Informationen hinzugefügt."
140,"Nein, es gibt keine intrinsischen oder extrinsischen Halluzinationen in den Produkttexten. Alle Informationen im Text stimmen mit den technischen Attributen und dem Produkttitel überein und es wurden keine unsinnigen Zusatzinformationen hinzugefügt."
141,Nein
142,"Nein, es gibt keine intrinsischen oder extrinsischen Halluzinationen in den gegebenen Produkttexten. Alle Informationen in den Texten stimmen mit den technischen Attributen und dem Produkttitel überein und es wurden keine unsinnigen Zusatzinformationen hinzugefügt."
143,"Nein, es gibt keine intrinsischen oder extrinsischen Halluzinationen in den Produkttexten. Alle Informationen im Text stimmen mit den technischen Attributen und dem Produkttitel überein und es wurden keine unsinnigen Zusatzinformationen hinzugefügt."
144,Nein
145,Nein
146,Nein
147,"Nein, es gibt keine intrinsischen oder extrinsischen Halluzinationen in den Produkttexten. Alle Informationen in den Texten stimmen mit den technischen Attributen und dem Produkttitel überein und es wurden keine unsinnigen Zusatzinformationen hinzugefügt."
148,Nein
149,"Nein, es gibt keine intrinsischen oder extrinsischen Halluzinationen in den Produkttexten. Alle Informationen im Text stimmen mit den technischen Attributen und dem Produkttitel überein. Es wurden keine zusätzlichen, unsinnigen Informationen hinzugefügt."
150,Nein
151,Nein
152,"Nein, es gibt keine intrinsischen oder extrinsischen Halluzinationen in den Produkttexten. Alle Informationen im Text stimmen mit den technischen Attributen und dem Produkttitel überein und es wurden keine unsinnigen Zusatzinformationen hinzugefügt."
153,"Nein, es gibt keine intrinsischen oder extrinsischen Halluzinationen in den gegebenen Produkttexten. Alle Informationen in den Texten stimmen mit den technischen Attributen und dem Produkttitel überein und es wurden keine unsinnigen Zusatzinformationen hinzugefügt."
154,"Nein, es gibt keine intrinsischen oder extrinsischen Halluzinationen in den Produkttexten. Alle Informationen im Text stimmen mit den technischen Attributen und dem Produkttitel überein. Es wurden keine zusätzlichen, unsinnigen Informationen hinzugefügt."
155,"Nein, es gibt keine intrinsischen oder extrinsischen Halluzinationen in den Produkttexten. Alle Informationen in den Texten stimmen mit den technischen Attributen und dem Produkttitel überein. Es wurden keine zusätzlichen, unsinnigen Informationen hinzugefügt."
156,Nein
157,Nein
158,Nein
159,"Nein, es gibt keine intrinsischen oder extrinsischen Halluzinationen in den Produkttexten. Alle Informationen in den Produkttexten stimmen mit den technischen Attributen und dem Produkttitel überein. Es gibt keine widersprüchlichen oder unsinnigen Zusatzinformationen."
160,"Nein, es gibt keine intrinsischen oder extrinsischen Halluzinationen in den Produkttexten. Alle Informationen im Text stimmen mit den technischen Attributen und dem Produkttitel überein. Es wurden keine unsinnigen Zusatzinformationen hinzugefügt."
161,"Nein, es gibt keine intrinsischen oder extrinsischen Halluzinationen in den Produkttexten. Alle Informationen im Text stimmen mit den technischen Attributen und dem Produkttitel überein und es wurden keine unsinnigen Zusatzinformationen hinzugefügt."
162,Nein
163,"Nein, es gibt keine intrinsischen oder extrinsischen Halluzinationen in den Produkttexten. Alle Informationen in den Texten stimmen mit den technischen Attributen und dem Produkttitel überein und es wurden keine unsinnigen Zusatzinformationen hinzugefügt."
164,"Nein, es gibt keine intrinsischen oder extrinsischen Halluzinationen in den Produkttexten. Alle Informationen im Text stimmen mit den technischen Attributen und dem Produkttitel überein. Es wurden keine zusätzlichen, unsinnigen Informationen hinzugefügt."
165,"Nein, es gibt keine intrinsischen oder extrinsischen Halluzinationen in den gegebenen Produkttexten. Alle Informationen in den Texten stimmen mit den technischen Attributen und dem Produkttitel überein und es wurden keine zusätzlichen, unsinnigen Informationen hinzugefügt."
166,Nein
167,Nein
168,"Nein, es gibt keine intrinsischen oder extrinsischen Halluzinationen in den Produkttexten. Alle Informationen im Text stimmen mit den technischen Attributen und dem Produkttitel überein. Es wurden keine zusätzlichen unsinnigen Informationen hinzugefügt."
169,Nein
170,Nein
171,Nein
172,"Nein, es gibt keine intrinsischen oder extrinsischen Halluzinationen in den Produkttexten. Alle Informationen im Text stimmen mit den technischen Attributen und dem Produkttitel überein und es wurden keine unsinnigen Zusatzinformationen hinzugefügt."
173,"Nein, es gibt keine intrinsischen oder extrinsischen Halluzinationen in den Produkttexten. Alle Informationen im Text stimmen mit den technischen Attributen und dem Produkttitel überein. Es wurden keine zusätzlichen, unsinnigen Informationen hinzugefügt."
174,"Nein, es gibt keine intrinsischen oder extrinsischen Halluzinationen in den Produkttexten. Alle Informationen im Text stimmen mit den technischen Attributen und dem Produkttitel überein. Es wurden keine zusätzlichen, unsinnigen Informationen hinzugefügt."
175,"Nein, es gibt keine intrinsischen oder extrinsischen Halluzinationen in den Produkttexten. Alle Informationen im Text stimmen mit den technischen Attributen und dem Produkttitel überein und es wurden keine unsinnigen Zusatzinformationen hinzugefügt."
176,"Nein, es gibt keine intrinsischen oder extrinsischen Halluzinationen in den Produkttexten. Alle Informationen in den Produkttexten stimmen mit den technischen Attributen und dem Produkttitel überein und es wurden keine unsinnigen Zusatzinformationen hinzugefügt."
177,Nein
178,Nein
179,Nein
180,Nein
181,Nein
182,Nein
183,"Nein, es gibt keine intrinsischen oder extrinsischen Halluzinationen in den Produkttexten. Alle Informationen im Text stimmen mit den technischen Attributen und dem Produkttitel überein und es wurden keine unsinnigen Zusatzinformationen hinzugefügt."
184,"Nein, es gibt keine intrinsischen oder extrinsischen Halluzinationen in den Produkttexten. Alle Informationen im Text stimmen mit den technischen Attributen und dem Produkttitel überein. Es wurden keine zusätzlichen, unsinnigen Informationen hinzugefügt."
185,Nein
186,Nein
